{
  "project_info": {
    "project_number": "611007448413",
    "project_id": "todolist-c4680",
    "storage_bucket": "todolist-c4680.firebasestorage.app"
  },
  "client": [
    {
      "client_info": {
        "mobilesdk_app_id": "1:611007448413:android:3ceffbd95cf56a9d1ed4b4",
        "android_client_info": {
          "package_name": "com.example.base_todolist"
        }
      },
      "oauth_client": [],
      "api_key": [
        {
          "current_key": "AIzaSyCOfwRUJh1P6uDxlNywJ2lrohRK6CFYvC4"
        }
      ],
      "services": {
        "appinvite_service": {
          "other_platform_oauth_client": []
        }
      }
    }
  ],
  "configuration_version": "1"
}